<?xml version = "1.0" encoding = "UTF-8"?>
<beans xmlns="http://www.springframework.org/schema/beans"
	xmlns:xsi="http://www.w3.org/2001/XMLSchema-instance" xmlns:context="http://www.springframework.org/schema/context"
	xmlns:tx="http://www.springframework.org/schema/tx" xmlns:p="http://www.springframework.org/schema/p"
	xmlns:jee="http://www.springframework.org/schema/jee" xmlns:task="http://www.springframework.org/schema/task"
	xsi:schemaLocation="http://www.springframework.org/schema/beans
	    http://www.springframework.org/schema/beans/spring-beans-3.0.xsd
	    http://www.springframework.org/schema/context 
	    http://www.springframework.org/schema/context/spring-context-3.0.xsd 
	    http://www.springframework.org/schema/tx 
	    http://www.springframework.org/schema/tx/spring-tx-3.0.xsd
	    http://www.springframework.org/schema/jee
	    http://www.springframework.org/schema/jee/spring-jee-3.0.xsd
	    http://www.springframework.org/schema/task
	    http://www.springframework.org/schema/task/spring-task-3.0.xsd">

	<context:annotation-config />

	<context:component-scan base-package="com.vvs.training.hospital.daodb.impl" />
	<context:component-scan base-package="com.vvs.training.hospital.services.impl" />

		<context:property-placeholder
		ignore-unresolvable="true" location="classpath:db.properties" />



	<!-- Initialization for data source -->
	<bean id="dataSource"
		class="com.vvs.training.hospital.daodb.util.SchemaNameAwareBasicDataSource"
		destroy-method="close">

		<property name="driverClassName" value="org.postgresql.Driver" />
		<property name="url" value="${jdbc.url}" />
		<property name="username" value="${jdbc.username}" />
		<property name="password" value="${jdbc.password}" />
		<property name="schema" value="${db.schema}" />
	</bean>

	<bean id="jdbcTemplate" class="org.springframework.jdbc.core.JdbcTemplate">
		<constructor-arg ref="dataSource" />
	</bean>
	
	<bean id="NamedParameterJdbcTemplate" class="org.springframework.jdbc.core.namedparam.NamedParameterJdbcTemplate">
		<constructor-arg ref="dataSource" />
	</bean>
	
	<bean id="SimpleJdbcInsert" class="org.springframework.jdbc.core.simple.SimpleJdbcInsert">
		<constructor-arg ref="dataSource" />
	</bean>
	
	

	<tx:annotation-driven />
	
	<bean id="transactionManager"
		class="org.springframework.jdbc.datasource.DataSourceTransactionManager">
		<property name="dataSource" ref="dataSource" />
	</bean>



</beans>